{"explained_variance": 0.4058, "_timestamp": 1659579472, "_runtime": 4399, "_step": 7, "mean_squared_log_error": 0.5527999997138977, "R^2": 0.4007, "MAE": 16.095300674438477, "MSE": 496.5757141113281, "RMSE": 22.284000396728516, "MAPE": 1.0880999565124512, "MDAPE": 43.4917, "_wandb": {"runtime": 4400}}