{"explained_variance": 0.3172, "_timestamp": 1659598513, "_runtime": 2712, "_step": 7, "mean_squared_log_error": 0.5843999981880188, "R^2": 0.2698, "MAE": 17.397300720214844, "MSE": 602.3145751953125, "RMSE": 24.54210090637207, "MAPE": 1.1966999769210815, "MDAPE": 45.4877, "_wandb": {"runtime": 2713}}