{"explained_variance": 0.4912, "_timestamp": 1659687046, "_runtime": 1261, "_step": 7, "mean_squared_log_error": 0.47380000352859497, "R^2": 0.4832, "MAE": 15.259499549865723, "MSE": 428.5694885253906, "RMSE": 20.701900482177734, "MAPE": 0.9842000007629395, "MDAPE": 43.6152, "_wandb": {"runtime": 1262}}