station,S0000370-Ba Trieu,S0000229-Quan Hoa,S0000310-Hang Trong,S0000210-Truong THCS Yen So,S0000153-Truong Tieu hoc Tran Quoc Toan,S0000137-Ngoc Khanh,S0000541-Tran Quang Khai,S0000238-He thong lien cap Lomonoxop - Mam non,S0000143-Thu vien - DHQG Ha Noi,S0000171-GENESIS School,S0000264-FDS - Ton That Thuyet
S0000182-Truong THCS Trung Hoa,0.050079113111162414,0.025876355268852735,0.05379006865407939,0.1231302749529897,0.053179621303652676,0.018209692762101756,0.06109177050962175,0.06552136913251018,0.02872109581822545,0.03613352642629866,0.018302641476022036
S0000328-Luong The Vinh,0.06652112616304454,0.0473762064542889,0.07382693483417548,0.11483240404171907,0.07292631976178918,0.04083331765715068,0.08007424916912464,0.05127084587755327,0.04138623110407384,0.055979470594136715,0.02920040330200907
S0000339-Kim Ma,0.03192067369276446,0.01994375764494242,0.026708587768916468,0.14507621799936998,0.026825665415784038,0.012823005376667454,0.035494936498037165,0.09369381729868531,0.04124370034320337,0.02932264362229453,0.039465699968453366
S0000367-To Hieu,0.08365249324437304,0.07699205892817396,0.09518138403600689,0.12524879727167293,0.09390291962446554,0.06827591838188556,0.09952685155273026,0.05948917579694612,0.07128145288221836,0.08615230889535148,0.05929856451045144
