{"explained_variance": 0.4403, "_timestamp": 1659522515, "_runtime": 1603, "_step": 7, "mean_squared_log_error": 0.5795999765396118, "R^2": 0.404, "MAE": 16.308000564575195, "MSE": 492.9883117675781, "RMSE": 22.20330047607422, "MAPE": 1.1815999746322632, "MDAPE": 42.7119, "_wandb": {"runtime": 1605}}